TB-Youtso-Normal,33,
TB-Youtso-Normal,34,ཛྲ
TB-Youtso-Normal,35,༷
TB-Youtso-Normal,36,རྱ
TB-Youtso-Normal,37,
TB-Youtso-Normal,38,ྋ
TB-Youtso-Normal,39,ཎ
TB-Youtso-Normal,40,
TB-Youtso-Normal,41,
TB-Youtso-Normal,42,྾
TB-Youtso-Normal,43,ྐ
TB-Youtso-Normal,44,
TB-Youtso-Normal,45,་
TB-Youtso-Normal,46,་
TB-Youtso-Normal,47,ཋ
TB-Youtso-Normal,48,༠
TB-Youtso-Normal,49,༡
TB-Youtso-Normal,50,༢
TB-Youtso-Normal,51,༣
TB-Youtso-Normal,52,༤
TB-Youtso-Normal,53,༥
TB-Youtso-Normal,54,༦
TB-Youtso-Normal,55,༧
TB-Youtso-Normal,56,༨
TB-Youtso-Normal,57,༩
TB-Youtso-Normal,58,༈
TB-Youtso-Normal,59,ཀ
TB-Youtso-Normal,60,ཀྱ
TB-Youtso-Normal,61,ཀྲ
TB-Youtso-Normal,62,ཀ
TB-Youtso-Normal,63,
TB-Youtso-Normal,64,རྐ
TB-Youtso-Normal,65,རྐྱ
TB-Youtso-Normal,66,སྐྱ
TB-Youtso-Normal,67,སྐྲ
TB-Youtso-Normal,68,ཁ
TB-Youtso-Normal,69,ཁྱ
TB-Youtso-Normal,70,ཁྲ
TB-Youtso-Normal,71,ག
TB-Youtso-Normal,72,གྱ
TB-Youtso-Normal,73,གྲ
TB-Youtso-Normal,74,ག
TB-Youtso-Normal,75,ྒ
TB-Youtso-Normal,76,རྒ
TB-Youtso-Normal,77,རྒྱ
TB-Youtso-Normal,78,སྒྱ
TB-Youtso-Normal,79,སྒྲ
TB-Youtso-Normal,80,ང
TB-Youtso-Normal,81,རྔ
TB-Youtso-Normal,82,ང
TB-Youtso-Normal,83,ྔ
TB-Youtso-Normal,84,ཅ
TB-Youtso-Normal,85,ྕ
TB-Youtso-Normal,86,ཆ
TB-Youtso-Normal,87,ཇ
TB-Youtso-Normal,88,རྗ
TB-Youtso-Normal,89,ྗ
TB-Youtso-Normal,90,ཉ
TB-Youtso-Normal,91,ྙ
TB-Youtso-Normal,92,ྜྲ
TB-Youtso-Normal,93,༽
TB-Youtso-Normal,94,ཌ
TB-Youtso-Normal,95,ཌ
TB-Youtso-Normal,96,ྜ
TB-Youtso-Normal,97,ཎ
TB-Youtso-Normal,98,ཏ
TB-Youtso-Normal,99,ཏྲ
TB-Youtso-Normal,100,རྟ
TB-Youtso-Normal,101,ྟ
TB-Youtso-Normal,102,ཐ
TB-Youtso-Normal,103,ཐྲ
TB-Youtso-Normal,104,ད
TB-Youtso-Normal,105,དྲ
TB-Youtso-Normal,106,ད
TB-Youtso-Normal,107,ྡ
TB-Youtso-Normal,108,རྡ
TB-Youtso-Normal,109,ན
TB-Youtso-Normal,110,རྣ
TB-Youtso-Normal,111,ྣ
TB-Youtso-Normal,112,སྣྲ
TB-Youtso-Normal,113,པ
TB-Youtso-Normal,114,པྱ
TB-Youtso-Normal,115,པྲ
TB-Youtso-Normal,116,ྤ
TB-Youtso-Normal,117,སྤྱ
TB-Youtso-Normal,118,སྤྲ
TB-Youtso-Normal,119,ཕ
TB-Youtso-Normal,120,ཕྱ
TB-Youtso-Normal,121,ཕྲ
TB-Youtso-Normal,122,བ
TB-Youtso-Normal,123,བྱ
TB-Youtso-Normal,124,བྲ
TB-Youtso-Normal,125,བ
TB-Youtso-Normal,126,ྦ
TB-Youtso-Normal,127,
TB-Youtso-Normal,8224,
TB-Youtso-Normal,176,རྦ
TB-Youtso-Normal,162,སྦྱ
TB-Youtso-Normal,163,སྦྲ
TB-Youtso-Normal,167,མ
TB-Youtso-Normal,8226,མྱ
TB-Youtso-Normal,182,
TB-Youtso-Normal,223,མྲ
TB-Youtso-Normal,174,ྨ
TB-Youtso-Normal,169,རྨ
TB-Youtso-Normal,8482,རྨྱ
TB-Youtso-Normal,180,སྨྱ
TB-Youtso-Normal,168,སྨྲ
TB-Youtso-Normal,8800,
TB-Youtso-Normal,198,ཙ
TB-Youtso-Normal,216,རྩ
TB-Youtso-Normal,8734,སྩ
TB-Youtso-Normal,177,ཚ
TB-Youtso-Normal,8804,ཛ
TB-Youtso-Normal,8805,ཛ
TB-Youtso-Normal,165,ྫ
TB-Youtso-Normal,181,རྫ
TB-Youtso-Normal,8706,ལྭ
TB-Youtso-Normal,8721,
TB-Youtso-Normal,8719,ཟ
TB-Youtso-Normal,960,ཟླ
TB-Youtso-Normal,8747,འ
TB-Youtso-Normal,170,ཡ
TB-Youtso-Normal,186,ར
TB-Youtso-Normal,8486,ར
TB-Youtso-Normal,230,ལ
TB-Youtso-Normal,248,ལ
TB-Youtso-Normal,191,ླ
TB-Youtso-Normal,161,ཤ
TB-Youtso-Normal,172,ཤྲ
TB-Youtso-Normal,8730,ཥ
TB-Youtso-Normal,402,ྵ
TB-Youtso-Normal,8776,ས
TB-Youtso-Normal,8710,སྲ
TB-Youtso-Normal,171,ས
TB-Youtso-Normal,187,ཧ
TB-Youtso-Normal,8230,ཧྲ
TB-Youtso-Normal,160,
TB-Youtso-Normal,192,ྷ
TB-Youtso-Normal,195,ྷ
TB-Youtso-Normal,213,ཨ
TB-Youtso-Normal,338,྄
TB-Youtso-Normal,339,྄
TB-Youtso-Normal,8211,ྭ
TB-Youtso-Normal,8212,
TB-Youtso-Normal,8220,
TB-Youtso-Normal,8221,ྭ
TB-Youtso-Normal,8216,ྭ
TB-Youtso-Normal,8217,ྭ
TB-Youtso-Normal,247,ྭ
TB-Youtso-Normal,9674,ཱ
TB-Youtso-Normal,255,ཱ
TB-Youtso-Normal,376,ཱ
TB-Youtso-Normal,8260,ཱ
TB-Youtso-Normal,164,ི
TB-Youtso-Normal,8249,ིཾ
TB-Youtso-Normal,8250,ུ
TB-Youtso-Normal,64257,ུ
TB-Youtso-Normal,64258,ུ
TB-Youtso-Normal,8225,ུ
TB-Youtso-Normal,183,ས
TB-Youtso-Normal,8218,ུ
TB-Youtso-Normal,8222,ུ
TB-Youtso-Normal,8240,ུ
TB-Youtso-Normal,194,ུ
TB-Youtso-Normal,202,ུ
TB-Youtso-Normal,193,ུ
TB-Youtso-Normal,203,ུ
TB-Youtso-Normal,200,ཱུ
TB-Youtso-Normal,205,ཱུ
TB-Youtso-Normal,206,ཱུ
TB-Youtso-Normal,207,ཱུ
TB-Youtso-Normal,204,ྀ
TB-Youtso-Normal,211,ཾྀ
TB-Youtso-Normal,212,ེ
TB-Youtso-Normal,63743,ེཾ
TB-Youtso-Normal,210,ཻ
TB-Youtso-Normal,218,ཻཾ
TB-Youtso-Normal,219,ཱུ
TB-Youtso-Normal,217,ོ
TB-Youtso-Normal,305,ོཾ
TB-Youtso-Normal,710,ཽ
TB-Youtso-Normal,732,ཽཾ
TB-Youtso-Normal,175,ཾ
TB-Youtso-Normal,728,ྃ
TB-Youtso-Normal,729,ཿ
TB-Youtso-Normal,730,༔
TB-Youtso-Normal,184,།
TB-Youtso-Normal,733,
TB-Youtso-Normal,731,ཙ
TB-Youtso-Bold,33,
TB-Youtso-Bold,34,ཛྲ
TB-Youtso-Bold,35,༷
TB-Youtso-Bold,36,རྱ
TB-Youtso-Bold,37,
TB-Youtso-Bold,38,ྋ
TB-Youtso-Bold,39,ཎ
TB-Youtso-Bold,40,
TB-Youtso-Bold,41,
TB-Youtso-Bold,42,྾
TB-Youtso-Bold,43,ྐ
TB-Youtso-Bold,44,
TB-Youtso-Bold,45,་
TB-Youtso-Bold,46,་
TB-Youtso-Bold,47,ཋ
TB-Youtso-Bold,48,༠
TB-Youtso-Bold,49,༡
TB-Youtso-Bold,50,༢
TB-Youtso-Bold,51,༣
TB-Youtso-Bold,52,༤
TB-Youtso-Bold,53,༥
TB-Youtso-Bold,54,༦
TB-Youtso-Bold,55,༧
TB-Youtso-Bold,56,༨
TB-Youtso-Bold,57,༩
TB-Youtso-Bold,58,༈
TB-Youtso-Bold,59,ཀ
TB-Youtso-Bold,60,ཀྱ
TB-Youtso-Bold,61,ཀྲ
TB-Youtso-Bold,62,ཀ
TB-Youtso-Bold,63,
TB-Youtso-Bold,64,རྐ
TB-Youtso-Bold,65,རྐྱ
TB-Youtso-Bold,66,སྐྱ
TB-Youtso-Bold,67,སྐྲ
TB-Youtso-Bold,68,ཁ
TB-Youtso-Bold,69,ཁྱ
TB-Youtso-Bold,70,ཁྲ
TB-Youtso-Bold,71,ག
TB-Youtso-Bold,72,གྱ
TB-Youtso-Bold,73,གྲ
TB-Youtso-Bold,74,ག
TB-Youtso-Bold,75,ྒ
TB-Youtso-Bold,76,རྒ
TB-Youtso-Bold,77,རྒྱ
TB-Youtso-Bold,78,སྒྱ
TB-Youtso-Bold,79,སྒྲ
TB-Youtso-Bold,80,ང
TB-Youtso-Bold,81,རྔ
TB-Youtso-Bold,82,ང
TB-Youtso-Bold,83,ྔ
TB-Youtso-Bold,84,ཅ
TB-Youtso-Bold,85,ྕ
TB-Youtso-Bold,86,ཆ
TB-Youtso-Bold,87,ཇ
TB-Youtso-Bold,88,རྗ
TB-Youtso-Bold,89,ྗ
TB-Youtso-Bold,90,ཉ
TB-Youtso-Bold,91,ྙ
TB-Youtso-Bold,92,ྜྲ
TB-Youtso-Bold,93,༽
TB-Youtso-Bold,94,ཌ
TB-Youtso-Bold,95,ཌ
TB-Youtso-Bold,96,ྜ
TB-Youtso-Bold,97,ཎ
TB-Youtso-Bold,98,ཏ
TB-Youtso-Bold,99,ཏྲ
TB-Youtso-Bold,100,རྟ
TB-Youtso-Bold,101,ྟ
TB-Youtso-Bold,102,ཐ
TB-Youtso-Bold,103,ཐྲ
TB-Youtso-Bold,104,ད
TB-Youtso-Bold,105,དྲ
TB-Youtso-Bold,106,ད
TB-Youtso-Bold,107,ྡ
TB-Youtso-Bold,108,རྡ
TB-Youtso-Bold,109,ན
TB-Youtso-Bold,110,རྣ
TB-Youtso-Bold,111,ྣ
TB-Youtso-Bold,112,སྣྲ
TB-Youtso-Bold,113,པ
TB-Youtso-Bold,114,པྱ
TB-Youtso-Bold,115,པྲ
TB-Youtso-Bold,116,ྤ
TB-Youtso-Bold,117,སྤྱ
TB-Youtso-Bold,118,སྤྲ
TB-Youtso-Bold,119,ཕ
TB-Youtso-Bold,120,ཕྱ
TB-Youtso-Bold,121,ཕྲ
TB-Youtso-Bold,122,བ
TB-Youtso-Bold,123,བྱ
TB-Youtso-Bold,124,བྲ
TB-Youtso-Bold,125,བ
TB-Youtso-Bold,126,ྦ
TB-Youtso-Bold,127,
TB-Youtso-Bold,8224,
TB-Youtso-Bold,176,རྦ
TB-Youtso-Bold,162,སྦྱ
TB-Youtso-Bold,163,སྦྲ
TB-Youtso-Bold,167,མ
TB-Youtso-Bold,8226,མྱ
TB-Youtso-Bold,182,
TB-Youtso-Bold,223,མྲ
TB-Youtso-Bold,174,ྨ
TB-Youtso-Bold,169,རྨ
TB-Youtso-Bold,8482,རྨྱ
TB-Youtso-Bold,180,སྨྱ
TB-Youtso-Bold,168,སྨྲ
TB-Youtso-Bold,8800,
TB-Youtso-Bold,198,ཙ
TB-Youtso-Bold,216,རྩ
TB-Youtso-Bold,8734,སྩ
TB-Youtso-Bold,177,ཚ
TB-Youtso-Bold,8804,ཛ
TB-Youtso-Bold,8805,ཛ
TB-Youtso-Bold,165,ྫ
TB-Youtso-Bold,181,རྫ
TB-Youtso-Bold,8706,ལྭ
TB-Youtso-Bold,8721,
TB-Youtso-Bold,8719,ཟ
TB-Youtso-Bold,960,ཟླ
TB-Youtso-Bold,8747,འ
TB-Youtso-Bold,170,ཡ
TB-Youtso-Bold,186,ར
TB-Youtso-Bold,8486,ར
TB-Youtso-Bold,230,ལ
TB-Youtso-Bold,248,ལ
TB-Youtso-Bold,191,ླ
TB-Youtso-Bold,161,ཤ
TB-Youtso-Bold,172,ཤྲ
TB-Youtso-Bold,8730,ཥ
TB-Youtso-Bold,402,ྵ
TB-Youtso-Bold,8776,ས
TB-Youtso-Bold,8710,སྲ
TB-Youtso-Bold,171,ས
TB-Youtso-Bold,187,ཧ
TB-Youtso-Bold,8230,ཧྲ
TB-Youtso-Bold,160,
TB-Youtso-Bold,192,ྷ
TB-Youtso-Bold,195,ྷ
TB-Youtso-Bold,213,ཨ
TB-Youtso-Bold,338,྄
TB-Youtso-Bold,339,྄
TB-Youtso-Bold,8211,ྭ
TB-Youtso-Bold,8212,
TB-Youtso-Bold,8220,
TB-Youtso-Bold,8221,ྭ
TB-Youtso-Bold,8216,ྭ
TB-Youtso-Bold,8217,ྭ
TB-Youtso-Bold,247,ྭ
TB-Youtso-Bold,9674,ཱ
TB-Youtso-Bold,255,ཱ
TB-Youtso-Bold,376,ཱ
TB-Youtso-Bold,8260,ཱ
TB-Youtso-Bold,164,ི
TB-Youtso-Bold,8249,ིཾ
TB-Youtso-Bold,8250,ུ
TB-Youtso-Bold,64257,ུ
TB-Youtso-Bold,64258,ུ
TB-Youtso-Bold,8225,ུ
TB-Youtso-Bold,183,ས
TB-Youtso-Bold,8218,ུ
TB-Youtso-Bold,8222,ུ
TB-Youtso-Bold,8240,ུ
TB-Youtso-Bold,194,ུ
TB-Youtso-Bold,202,ུ
TB-Youtso-Bold,193,ུ
TB-Youtso-Bold,203,ུ
TB-Youtso-Bold,200,ཱུ
TB-Youtso-Bold,205,ཱུ
TB-Youtso-Bold,206,ཱུ
TB-Youtso-Bold,207,ཱུ
TB-Youtso-Bold,204,ྀ
TB-Youtso-Bold,211,ཾྀ
TB-Youtso-Bold,212,ེ
TB-Youtso-Bold,63743,ེཾ
TB-Youtso-Bold,210,ཻ
TB-Youtso-Bold,218,ཻཾ
TB-Youtso-Bold,219,ཱུ
TB-Youtso-Bold,217,ོ
TB-Youtso-Bold,305,ོཾ
TB-Youtso-Bold,710,ཽ
TB-Youtso-Bold,732,ཽཾ
TB-Youtso-Bold,175,ཾ
TB-Youtso-Bold,728,ྃ
TB-Youtso-Bold,729,ཿ
TB-Youtso-Bold,730,༔
TB-Youtso-Bold,184,།
TB-Youtso-Bold,733,
TB-Youtso-Bold,731,ཙ
TB2-Youtso-Normal,33,
TB2-Youtso-Normal,34,ཛྲ
TB2-Youtso-Normal,35,༷
TB2-Youtso-Normal,36,རྱ
TB2-Youtso-Normal,37,
TB2-Youtso-Normal,38,ྋ
TB2-Youtso-Normal,39,ཎ
TB2-Youtso-Normal,40,
TB2-Youtso-Normal,41,
TB2-Youtso-Normal,42,྾
TB2-Youtso-Normal,43,ྐ
TB2-Youtso-Normal,44,
TB2-Youtso-Normal,45,་
TB2-Youtso-Normal,46,་
TB2-Youtso-Normal,47,ཋ
TB2-Youtso-Normal,48,༠
TB2-Youtso-Normal,49,༡
TB2-Youtso-Normal,50,༢
TB2-Youtso-Normal,51,༣
TB2-Youtso-Normal,52,༤
TB2-Youtso-Normal,53,༥
TB2-Youtso-Normal,54,༦
TB2-Youtso-Normal,55,༧
TB2-Youtso-Normal,56,༨
TB2-Youtso-Normal,57,༩
TB2-Youtso-Normal,58,༈
TB2-Youtso-Normal,59,ཀ
TB2-Youtso-Normal,60,ཀྱ
TB2-Youtso-Normal,61,ཀྲ
TB2-Youtso-Normal,62,ཀ
TB2-Youtso-Normal,63,
TB2-Youtso-Normal,64,རྐ
TB2-Youtso-Normal,65,རྐྱ
TB2-Youtso-Normal,66,སྐྱ
TB2-Youtso-Normal,67,སྐྲ
TB2-Youtso-Normal,68,ཁ
TB2-Youtso-Normal,69,ཁྱ
TB2-Youtso-Normal,70,ཁྲ
TB2-Youtso-Normal,71,ག
TB2-Youtso-Normal,72,གྱ
TB2-Youtso-Normal,73,གྲ
TB2-Youtso-Normal,74,ག
TB2-Youtso-Normal,75,ྒ
TB2-Youtso-Normal,76,རྒ
TB2-Youtso-Normal,77,རྒྱ
TB2-Youtso-Normal,78,སྒྱ
TB2-Youtso-Normal,79,སྒྲ
TB2-Youtso-Normal,80,ང
TB2-Youtso-Normal,81,རྔ
TB2-Youtso-Normal,82,ང
TB2-Youtso-Normal,83,ྔ
TB2-Youtso-Normal,84,ཅ
TB2-Youtso-Normal,85,ྕ
TB2-Youtso-Normal,86,ཆ
TB2-Youtso-Normal,87,ཇ
TB2-Youtso-Normal,88,རྗ
TB2-Youtso-Normal,89,ྗ
TB2-Youtso-Normal,90,ཉ
TB2-Youtso-Normal,91,ྙ
TB2-Youtso-Normal,92,ྜྲ
TB2-Youtso-Normal,93,༽
TB2-Youtso-Normal,94,ཌ
TB2-Youtso-Normal,95,ཌ
TB2-Youtso-Normal,96,ྜ
TB2-Youtso-Normal,97,ཎ
TB2-Youtso-Normal,98,ཏ
TB2-Youtso-Normal,99,ཏྲ
TB2-Youtso-Normal,100,རྟ
TB2-Youtso-Normal,101,ྟ
TB2-Youtso-Normal,102,ཐ
TB2-Youtso-Normal,103,ཐྲ
TB2-Youtso-Normal,104,ད
TB2-Youtso-Normal,105,དྲ
TB2-Youtso-Normal,106,ད
TB2-Youtso-Normal,107,ྡ
TB2-Youtso-Normal,108,རྡ
TB2-Youtso-Normal,109,ན
TB2-Youtso-Normal,110,རྣ
TB2-Youtso-Normal,111,ྣ
TB2-Youtso-Normal,112,སྣྲ
TB2-Youtso-Normal,113,པ
TB2-Youtso-Normal,114,པྱ
TB2-Youtso-Normal,115,པྲ
TB2-Youtso-Normal,116,ྤ
TB2-Youtso-Normal,117,སྤྱ
TB2-Youtso-Normal,118,སྤྲ
TB2-Youtso-Normal,119,ཕ
TB2-Youtso-Normal,120,ཕྱ
TB2-Youtso-Normal,121,ཕྲ
TB2-Youtso-Normal,122,བ
TB2-Youtso-Normal,123,བྱ
TB2-Youtso-Normal,124,བྲ
TB2-Youtso-Normal,125,བ
TB2-Youtso-Normal,126,ྦ
TB2-Youtso-Normal,127,
TB2-Youtso-Normal,8224,
TB2-Youtso-Normal,176,རྦ
TB2-Youtso-Normal,162,སྦྱ
TB2-Youtso-Normal,163,སྦྲ
TB2-Youtso-Normal,167,མ
TB2-Youtso-Normal,8226,མྱ
TB2-Youtso-Normal,182,
TB2-Youtso-Normal,223,མྲ
TB2-Youtso-Normal,174,ྨ
TB2-Youtso-Normal,169,རྨ
TB2-Youtso-Normal,8482,རྨྱ
TB2-Youtso-Normal,180,སྨྱ
TB2-Youtso-Normal,168,སྨྲ
TB2-Youtso-Normal,8800,
TB2-Youtso-Normal,198,ཙ
TB2-Youtso-Normal,216,རྩ
TB2-Youtso-Normal,8734,སྩ
TB2-Youtso-Normal,177,ཚ
TB2-Youtso-Normal,8804,ཛ
TB2-Youtso-Normal,8805,ཛ
TB2-Youtso-Normal,165,ྫ
TB2-Youtso-Normal,181,རྫ
TB2-Youtso-Normal,8706,ལྭ
TB2-Youtso-Normal,8721,
TB2-Youtso-Normal,8719,ཟ
TB2-Youtso-Normal,960,ཟླ
TB2-Youtso-Normal,8747,འ
TB2-Youtso-Normal,170,ཡ
TB2-Youtso-Normal,186,ར
TB2-Youtso-Normal,937,ར
TB2-Youtso-Normal,230,ལ
TB2-Youtso-Normal,248,ལ
TB2-Youtso-Normal,191,ླ
TB2-Youtso-Normal,161,ཤ
TB2-Youtso-Normal,172,ཤྲ
TB2-Youtso-Normal,8730,ཥ
TB2-Youtso-Normal,402,ྵ
TB2-Youtso-Normal,8776,ས
TB2-Youtso-Normal,8710,སྲ
TB2-Youtso-Normal,171,ས
TB2-Youtso-Normal,187,ཧ
TB2-Youtso-Normal,8230,ཧྲ
TB2-Youtso-Normal,160,
TB2-Youtso-Normal,192,ྷ
TB2-Youtso-Normal,195,ྷ
TB2-Youtso-Normal,213,ཨ
TB2-Youtso-Normal,338,྄
TB2-Youtso-Normal,339,྄
TB2-Youtso-Normal,8211,ྭ
TB2-Youtso-Normal,8212,
TB2-Youtso-Normal,8220,
TB2-Youtso-Normal,8221,ྭ
TB2-Youtso-Normal,8216,ྭ
TB2-Youtso-Normal,8217,ྭ
TB2-Youtso-Normal,247,ྭ
TB2-Youtso-Normal,9674,ཱ
TB2-Youtso-Normal,255,ཱ
TB2-Youtso-Normal,376,ཱ
TB2-Youtso-Normal,8260,ཱ
TB2-Youtso-Normal,8364,ི
TB2-Youtso-Normal,8249,ིཾ
TB2-Youtso-Normal,8250,ུ
TB2-Youtso-Normal,64257,ུ
TB2-Youtso-Normal,64258,ུ
TB2-Youtso-Normal,8225,ུ
TB2-Youtso-Normal,183,ས
TB2-Youtso-Normal,8218,ུ
TB2-Youtso-Normal,8222,ུ
TB2-Youtso-Normal,8240,ུ
TB2-Youtso-Normal,194,ུ
TB2-Youtso-Normal,202,ུ
TB2-Youtso-Normal,193,ུ
TB2-Youtso-Normal,203,ུ
TB2-Youtso-Normal,200,ཱུ
TB2-Youtso-Normal,205,ཱུ
TB2-Youtso-Normal,206,ཱུ
TB2-Youtso-Normal,207,ཱུ
TB2-Youtso-Normal,204,ྀ
TB2-Youtso-Normal,211,ཾྀ
TB2-Youtso-Normal,212,ེ
TB2-Youtso-Normal,63743,ེཾ
TB2-Youtso-Normal,210,ཻ
TB2-Youtso-Normal,218,ཻཾ
TB2-Youtso-Normal,219,ཱུ
TB2-Youtso-Normal,217,ོ
TB2-Youtso-Normal,305,ོཾ
TB2-Youtso-Normal,710,ཽ
TB2-Youtso-Normal,732,ཽཾ
TB2-Youtso-Normal,175,ཾ
TB2-Youtso-Normal,728,ྃ
TB2-Youtso-Normal,729,ཿ
TB2-Youtso-Normal,730,༔
TB2-Youtso-Normal,184,།
TB2-Youtso-Normal,733,
TB2-Youtso-Normal,731,ཙ
